Star of India,2.4710121154799998
Pasand,2.4645738601700002
Indian Delhi Palace,2.39964842796
Haveli Restaurant,2.39649128914
Mayuri Palace,2.38067483902
New India Bazaar,2.37630677223
Shalimar Restaurant,2.1259434223199998
Pyaar India Restaurant,2.02682566643
Tandoori Times 2 Indian Bistro,1.63135635853
India Palace,1.5413947105399999
Guru Palace,1.28702819347
Curry in the Box,1.1343482732799999
Zest of India,1.06734633446
Flavors of India,0.00873419083655
Bay Leaf Cafe,0.00867083854973
Royal Taj,0.008653109893200001
India Garden,0.008642208762469999
Taste of India,0.00862902123481
India Grill,0.00858420226723
Sutra Fine Indian Cuisine,0.008528392761949999
Indian Paradise,0.008525492623449999
Dhaba Indian Bistro,0.00851932168007
The Dhaba,0.00849248375744
Pastries N Chaat,0.00848139356822
Noor Indian Takeaway,0.00847555324435
Gaylord India Restaurant,0.008462921716270002
Maharaja Restaurant E Pt Plaza,0.00846094638109
Kebabish Original,0.0084473490715
India's Grill,0.00844422727823
Saffron Flavors of India,0.00841585081071
Indian Paradise 2,0.00841401331127
Origin India Restaurant & Bar,0.00840759556741
Aachi Southindian Kitchen,0.00840508844703
Copper Kettle,0.008404089137910001
Royal India Bistro,0.00839433073997
Maharani Restaurant,0.008391763083640001
Chennai Chettinaad Palace,0.00838241446763
Passage To India,0.00837772898376
Namaste Indian Cuisine,0.00836445670575
Shamoli Thai & Indian Cuisine,0.00836077146232
Tanjore,0.00835605245084
Indian Curry Bowl,0.00834580883384
Bawarchi Indian Cuisine,0.00830358080566
Taj Palace,0.00830113980919
India Gate,0.008296984247859998
Kismot,0.00828745029867
Kohinoor Cuisine of India,0.00826508365571
Delhi Palace Cuisine of India,0.00825311336666
Mount Everest India's Cuisine,0.008240113034840001
Nandini Indian Cuisine,0.00822306144983
India Masala Bar & Grill,0.008212069980800001
India Masala,0.00818164739758
Mirch Masala,0.00817116163671
Swagat India,0.00816636253148
Chutney's Indian Cuisine,0.0081603564322
Al Hamra,0.008158732205630001
Bombay Spice Grill,0.00813281629235
Taj Indian Restaurant,0.008126502856609999
Kebab Mahal,0.00812013167888
NASHA Indian Cuisine,0.00810060836375
Maharaja Restaurant,0.00808897521347
Tandoori Times Indian Bistro,0.00805814098567
OM Restaurant,0.00805624295026
Curry Garden,0.008038682863120001
Curry Leaf Indian Grill,0.00801242515445
Hurry 4 Curry,0.008009386248890001
Flavor of India,0.007984970696270001
Gandhi India's Cuisine,0.00796048622578
Curry House,0.00795634463429
Swad,0.00794498808682
Tandoori Times 3 Indian Bistro,0.007944139651949999
Taj Mahal Indian Cuisine,0.00793593376875
Karaikudi Palace,0.00793197192252
Khushi's,0.00791984051466
Tandoori Village,0.007862984202799999
Minerva Indian Cuisine,0.00785662233829
Haweli Indian Grill & Bar,0.007845185697079999
Kabob n Kurry,0.007818863727149999
Curry Corner,0.0077686193399099995
Madras Ananda Bhavan,0.00771428085864
Bollywood Grill Indian Cusine,0.0076497066766
Masala Bay Fine Indian Dining,0.00759462360293
Pak Afghan Halal Restaurant & Catering,0.00744777591899
Taza Indian Kitchen,0.007146293763069999
Tadka Sizzles,0.0070949010551
Mantra Masala,0.00708196358755
Samosa Factory,0.00706685660407
Khyber Halal,0.007027504499999999
Kabab Palace,0.0069990106858299995
Indian Maharaja Palace,0.0069832801818799995
The Clay Oven,0.00695299636573
Jewel of the Crown,0.00694271037355
Delhi Indian Cuisine,0.00693960860372
Kabob N More,0.00690260902047
Sai India Curry,0.0068964813835899995
Indus Village,0.00685993814841
